"","2_vars_corr_1HC_n1000.csv","3_vars_corr_1HC_n1000.csv","2_vars_corr_2HC_n1000.csv","3_vars_corr_2HC_n1000B.csv","3_vars_corr_2HC_n1000.csv","0_vars_corr_0HC_n100.csv","0_vars_corr_0HC_n200.csv","0_vars_corr_0HC_n300.csv","0_vars_corr_0HC_n400.csv","0_vars_corr_0HC_n500.csv","0_vars_corr_0HC_n600.csv","0_vars_corr_0HC_n700.csv","0_vars_corr_0HC_n800.csv","0_vars_corr_0HC_n900.csv","0_vars_corr_0HC_n1000.csv","0_vars_corr_0HC_n10000_skew_0.8907.csv","0_vars_corr_0HC_n10000_skew_0.9387.csv","0_vars_corr_0HC_n10000_skew_0.9703.csv","0_vars_corr_0HC_n10000_skew_0.9921.csv","0_vars_corr_0HC_n10000_skew_0.9996.csv"
"C1",0.719332386770176,0.675236645562919,0.854957441965127,0.615933157950796,0.777153380669336,0.326732019606536,0.495271674751227,0.447827826678418,0.289357759610144,0.372423352456475,0.370117821276508,0.402525058709355,0.343205706009825,0.404754242075019,0.437963771568786,0.429391059007535,0.383574480207645,0.339565632917255,0.279716912165266,0.197056384727914
"C2",0.659049784513822,0.605719781313882,0.749654287074304,0.746778113237622,0.715024593117724,0.644857488556241,0.326352675279779,0.40036983542771,0.392556640087122,0.520225177933849,0.383587566576947,0.405678682615106,0.504900579207468,0.466376682660828,0.419366103606465,0.431103761252689,0.377632173201647,0.34070725375442,0.233474725767129,0.092067766128285
"C3",0.263518560494624,0.62126030746978,0.0800845240020018,0.531066233093357,0.817696352088097,0.548886204947754,0.46146767843989,0.32624225251783,0.412520275898185,0.367234969405007,0.393195368893924,0.414979236147504,0.440757603895124,0.433532476149279,0.393071968950724,0.424293801078864,0.406211310722223,0.338951342009132,0.264999533988022,0.101702429399922
"Noise",0.0365109688348544,-0.0183132522039123,0.0133157585017417,-0.0584598978324643,0.00259304054511812,0.0280056016805602,-0.0101336083904506,-0.071089922089079,0.00646838626044118,-0.0529419088168839,0.00221404230972515,-0.0358466248718671,-0.0654480706009163,-0.0339314432599335,-0.00288408142977331,0.0136591864098183,0.0102134069929394,-0.0112293520903024,-0.00972933070255014,0.00959591590167488
