,2_vars_corr_1HC_n10000.csv,3_vars_corr_1HC_n10000.csv,2_vars_corr_2HC_n10000.csv,3_vars_corr_2HC_n10000B.csv,3_vars_corr_2HC_n10000.csv,0_vars_corr_0HC_n100.csv,0_vars_corr_0HC_n1000.csv,0_vars_corr_0HC_n5000.csv,0_vars_corr_0HC_n10000.csv,0_vars_corr_0HC_n15000.csv,0_vars_corr_0HC_n20000.csv,0_vars_corr_0HC_n25000.csv,0_vars_corr_0HC_n30000.csv,0_vars_corr_0HC_n10000_skew_0.508.csv,0_vars_corr_0HC_n10000_skew_0.6222.csv,0_vars_corr_0HC_n10000_skew_0.7354.csv,0_vars_corr_0HC_n10000_skew_0.8612.csv,0_vars_corr_0HC_n10000_skew_0.9694.csv
C1,0.476947989,0.476681503,0.663317108,0.548018013,0.66949983,0.379068021,0.304262349,0.331600798,0.343133436,0.334622411,0.334073622,0.335802507,0.334261696,0.512308256,0.534530659,0.554189308,0.57289684,0.581925058
C2,0.607007503,0.61761976,0.793194474,0.793861647,0.739094408,0.447809087,0.531646011,0.503009054,0.514673871,0.503906267,0.505833931,0.507725695,0.497392738,0.519628965,0.526628109,0.540179327,0.558995596,0.55296163
C3,0.563510047,0.677138524,0.3297717,0.476373108,0.609302779,0.637344355,0.645532065,0.654832175,0.655711764,0.655786411,0.661153076,0.661694204,0.658024584,0.504310665,0.523704562,0.542631475,0.558995596,0.584745626
Noise,0,0,0,0,0,0,0,0,0,0,0,0,0,-0.02206319,0.001667246,0.002777686,0.009714873,-0.008764068